"","X1","X2","word","col","term_count","doc_count","count","avg_sentiment","sum_sentiment","sd_sentiment"
"1",-3.26425419780187,-1.15368559935832,"slow","#FF00FFFF",20,20,21,0.0638152227508315,1.34011967776746,0.287791768621328
"2",3.91045174662724,2.07457385040878,"condition","#004EFFFF",20,20,24,0.394939329631806,9.47854391116334,0.171788075789293
"3",-1.1983575558019,0.568897581537855,"giving","#00D7FFFF",20,20,20,0.150909218871674,3.01818437743348,0.216756912545947
"4",-2.66883074920841,2.66518947926921,"sad","#00FF9FFF",20,20,20,0.149998391904268,2.99996783808536,0.141384904263993
"5",-2.9467821487179,-0.13110731701327,"plus","#00FFB5FF",20,20,21,0.16616797461071,3.48952746682492,0.183375644244357
"6",-1.04426678628784,0.198966622308776,"purchased","#5300FFFF",20,20,21,0.274999802164191,5.774995845448,0.166050415616647
"8",-1.33897911699143,3.36897412658176,"reviews","#FF00D7FF",21,20,22,0.191307888134629,4.20877353896185,0.165337086247742
"9",0.458872047318059,1.69716394649059,"making","#FF00BDFF",21,20,24,0.132102411318378,3.17045787164108,0.178825542428531
"10",1.99353182457811,1.35762950803349,"needed","#0016FFFF",21,20,21,0.0934317852713824,1.96206749069903,0.138897409122591
"11",-3.99968841400167,0.179306860462685,"received","#0014FFFF",21,20,22,0.347299807189003,7.64059575815807,0.363890853824017
"12",-2.12110729920203,1.86654332331276,"edge","#00B1FFFF",22,22,24,0.0579147979945601,1.38995515186944,0.127056636508247
"13",-2.55316431992043,0.508881891273354,"live","#00FF78FF",22,20,22,0.103610086489654,2.27942190277239,0.141505672735176
"14",-1.39210791443911,0.556362288103624,"show","#FF0058FF",22,20,25,0.087121270077302,2.17803175193255,0.133625392620102
"15",-2.13545946763037,0.766911089739775,"holes","#00FFC2FF",22,20,22,0.0655598122077997,1.44231586857159,0.159921574051428
"16",-3.81754376755296,-1.65051063238062,"coming","#C000FFFF",22,21,24,0.169792745286974,4.07502588688738,0.217711305109014
"17",-3.04297664598359,-2.57581168787409,"packed","#FF00F1FF",22,22,28,0.276339139938736,7.73749591828461,0.255309949085232
"18",0.746482084347267,1.03038439061371,"future","#C900FFFF",22,20,29,0.195729130481357,5.67614478395936,0.281300833448939
"19",-2.57148557648341,-1.15654822463217,"along","#D000FFFF",22,22,22,0.18305605594508,4.02723323079176,0.176904455614568
"20",-2.34946890796746,1.56879621734439,"close","#007EFFFF",22,22,23,0.144778980846928,3.32991655947935,0.169371123718585
"22",-1.52233998495834,0.22500311147841,"money","#001CFFFF",23,21,25,0.111048196686412,2.7762049171603,0.277629835371849
"24",-1.59831582932429,2.98105278159276,"given","#CC00FFFF",23,23,24,0.0942830386910807,2.26279292858594,0.156223176888034
"25",-3.06318169896298,0.155354524643456,"expect","#FF00DCFF",23,22,23,0.119810062624689,2.75563144036784,0.184656779670617
"26",-2.40259207666689,0.936622789428759,"director","#FF009FFF",23,23,25,0.155412803557383,3.88532008893458,0.204739265815361
"27",-2.2278118408494,1.53082329687174,"addition","#0F00FFFF",23,22,23,0.223049175806673,5.13013104355349,0.154408918571125
"28",0.00603828843574643,1.3395042713617,"else","#8400FFFF",23,21,24,0.159950048873601,3.83880117296642,0.169725296433468
"29",-2.60243614736763,-1.83217870217715,"leave","#0041FFFF",23,22,23,0.189744306092425,4.36411904012577,0.13464166562443
"30",-1.35427776629767,-3.49253911105656,"saying","#5600FFFF",23,22,23,0.0899097887814271,2.06792514197282,0.134849227527688
"31",-1.84535325543998,0.701999389415223,"read","#9600FFFF",24,22,24,0.122292002111938,2.93500805068652,0.124699848409352
"32",-0.6410597963926,4.06670505618583,"ok","#FF00ACFF",24,20,34,0.0621112151997748,2.11178131679234,0.14342869516073
"33",1.37412860977481,2.41969870696565,"youll","#00A8FFFF",24,22,2,0.201226812553647,0.402453625107294,0.120047068397728
"35",3.08667387595228,2.53439656111104,"truly","#B500FFFF",24,20,24,0.20207915006811,4.84989960163464,0.118009523927379
"36",-3.06257330185698,0.960058076279157,"classic","#1C00FFFF",24,24,26,0.262939271202863,6.83642105127444,0.278763082286436
"37",-2.69362943524964,0.304889084494233,"sequel","#E500FFFF",24,23,29,0.148635847749734,4.3104395847423,0.238133081465774
"38",-2.81005031342736,-1.12850994819382,"getting","#CF00FFFF",24,21,25,0.217582145589873,5.43955363974681,0.249947508459952
"39",-2.88529874104302,-0.744872052210415,"mind","#0044FFFF",24,23,26,0.154883256792299,4.02696467659976,0.124955876152459
"40",-0.339610851106762,3.38221264249246,"due","#2C00FFFF",24,21,24,0.0937917575150136,2.25100218036033,0.118289696204453
"41",-1.60614304363293,-0.734541527427122,"evil","#C300FFFF",24,21,26,0.0599444256066371,1.55855506577256,0.185998707761547
"42",-1.71057334803408,-3.12725672038258,"kept","#7B00FFFF",24,24,24,0.177627951299557,4.26307083118937,0.207845193408077
"43",-2.86173123152696,2.22486589468251,"solid","#FF00EDFF",24,21,24,0.19489583003484,4.67749992083617,0.221558425727753
"44",-2.38526091668136,0.428605185718747,"follow","#1900FFFF",24,23,31,0.185544790850517,5.75188851636603,0.170359946018315
"45",-0.486880440440697,2.82331786205726,"either","#5100FFFF",24,22,24,0.0979030492005974,2.34967318081434,0.138101503177921
"46",-2.64454091251935,0.519276068575744,"completely","#E800FFFF",24,23,24,0.118103956381799,2.83449495316317,0.119914458111294
"47",-2.79887949274018,0.252735590127576,"finish","#0065FFFF",25,24,25,0.186319886665846,4.65799716664615,0.236220752974699
"48",-1.99490759659939,2.34843413427269,"takes","#C600FFFF",25,23,25,0.0924687098943066,2.31171774735767,0.11257383331791
"49",2.37765294308283,-4.41027324377585,"loves","#FC00FFFF",25,25,25,0.301838225471437,7.54595563678593,0.138332786366781
"51",-4.22505663269258,-0.14722423863531,"item","#3200FFFF",25,21,26,0.260538313712155,6.77399615651604,0.204273315527919
"52",-0.242545975242287,1.61100577857783,"certainly","#0500FFFF",25,24,25,0.140478361759173,3.51195904397932,0.122767091345123
"53",-2.65932184209361,2.89397936919439,"seem","#D900FFFF",26,24,26,0.110054985859678,2.86142963235162,0.182074202705015
"54",-3.37709246220323,-0.177785705391613,"might","#E100FFFF",26,25,27,0.133510763560766,3.60479061614067,0.185405272809811
"55",-2.10107276914052,1.3862754190176,"true","#FF00D4FF",26,21,26,0.15186497128171,3.94848925332445,0.172549851617733
"56",-3.01253708174344,1.68384023298109,"simply","#9100FFFF",26,25,26,0.128903544791891,3.35149216458916,0.134917684189622
"57",-1.11437497347423,-2.15626493430264,"thank","#FF00E9FF",26,22,26,0.350698117080409,9.11815104409063,0.12616117353488
"58",-2.75940800768704,0.85194272515165,"beginning","#FF00ADFF",26,26,30,0.129574565925633,3.887236977769,0.146140193639117
"59",-2.09675848209659,1.625896501033,"used","#BC00FFFF",26,24,26,0.119103940974575,3.09670246533896,0.139448042251865
"61",0.194850906851257,1.85372246423867,"tv","#FF0097FF",27,23,27,0.135941278381514,3.67041451630087,0.143322937831365
"62",-1.68638129078846,0.642732372126671,"everyone","#FF006AFF",27,26,31,0.153631040632915,4.76256225962037,0.16144590743892
"63",-1.85078857182573,2.918783872561,"hours","#0042FFFF",27,27,30,0.14885655054918,4.4656965164754,0.152128666062184
"64",-2.3831286762884,-1.01005097898055,"written","#B100FFFF",27,24,28,0.1903543770413,5.3299225571564,0.22547846598297
"65",-3.05862379349052,-0.418846745119788,"video","#0025FFFF",27,22,29,0.175487889222739,5.08914878745944,0.149240954125727
"66",-4.49034790140556,-0.140890453082222,"absolutely","#FF00A6FF",27,26,27,0.281453950979243,7.59925667643956,0.162397519462491
"67",-2.77178758540182,1.0395013819613,"start","#A800FFFF",27,24,27,0.147540306515757,3.98358827592543,0.171250100071315
"71",0.190524101082116,-1.63884749283035,"wonderful","#FF0075FF",28,27,31,0.254723352349121,7.89642392282274,0.18617094294055
"72",-2.49817200637611,1.00943913580856,"add","#EE00FFFF",28,28,29,0.23963694349344,6.94947136130975,0.227484245871657
"73",-2.80212576484736,0.614409018147974,"use","#8D00FFFF",28,26,30,0.0826679320340949,2.48003796102285,0.172019354127572
"74",-3.15075263102363,-2.33106337299532,"twist","#0008FFFF",28,28,29,0.086248990533991,2.50122072548574,0.201577026537932
"75",-1.95922223291575,0.0986981013461938,"took","#FF00F9FF",28,25,29,0.0799988819017999,2.3199675751522,0.169355283537378
"76",-0.522586161379183,2.8519064169724,"others","#F700FFFF",28,27,32,0.245516004521464,7.85651214468685,0.20476098070378
"77",-2.11216685729964,1.50707851407207,"yes","#6500FFFF",28,23,33,0.223009411577684,7.35931058206356,0.166853384032734
"78",-1.88837087128986,1.08074271765877,"year","#FF00AAFF",28,22,33,0.155337193406601,5.12612738241783,0.124959523513438
"79",-1.76323968232173,1.11769590490665,"star","#FF00B6FF",28,23,35,0.197144355453554,6.9000524408744,0.166279250650125
"80",0.00199433238643633,1.37065335467556,"someone","#BB00FFFF",28,27,28,0.142099950684464,3.97879861916499,0.179090254551078
"82",0.696978684585478,3.59282936266277,"minutes","#4E00FFFF",28,25,30,0.132847460071777,3.98542380215332,0.172691910156628
"84",-2.66741196595087,3.09758417080412,"day","#A500FFFF",28,25,31,0.135794239769688,4.20962143286033,0.182720667307452
"85",-2.29848093528486,1.24083462382805,"gets","#9000FFFF",29,27,29,0.167830353215858,4.86708024325988,0.114593066199963
"86",-0.910520531127135,-2.01609266956965,"home","#FF00BFFF",29,27,31,0.195886455429152,6.07248011830372,0.184451767970258
"87",-1.71504481922912,2.60692695830032,"fast","#D700FFFF",29,29,32,0.442913740427926,14.1732396936936,0.294799887076921
"88",-1.65426000176553,2.00176529618986,"life","#FF00A3FF",29,22,34,0.129267970647556,4.39511100201691,0.164469587011461
"89",-1.99597430041491,1.51734190311778,"kind","#FF00E4FF",29,25,29,0.120534786732983,3.4955088152565,0.169415439898207
"90",1.39002587038568,-1.32926722893378,"nothing","#FF00C1FF",29,28,30,0.107316060417028,3.21948181251084,0.156614944183814
"91",-2.58495457653749,-2.37561380614339,"less","#DF00FFFF",29,28,31,0.108371409109727,3.35951368240153,0.212787299548864
"94",-3.30715106722245,0.312657820309182,"seeing","#FF005FFF",30,30,30,0.159888452306172,4.79665356918516,0.195465454097433
"96",-4.24075178925587,-0.1898687998808,"mean","#00BEFFFF",30,27,31,0.108738498409611,3.37089345069795,0.175242534474707
"97",-2.69455021158531,1.10797222364398,"looking","#FF0098FF",30,30,30,0.173697367245555,5.21092101736664,0.161629616224684
"98",-2.25822895227747,1.11246402655657,"course","#DD00FFFF",30,29,32,0.203291694309723,6.50533421791115,0.197466811494082
"100",-2.15455279270872,-0.875417229845886,"fight","#FF008AFF",31,26,31,0.0866087859273548,2.684872363748,0.147612864439441
"102",-3.49009568501664,0.127094837196941,"couldnt","#8300FFFF",31,29,3,0.0956324150697116,0.286897245209135,0.109126213579333
"103",-2.31421647201071,0.324791286047488,"side","#0091FFFF",31,24,31,0.0740788380077472,2.29644397824016,0.119637153637392
"104",-3.46025618869055,2.5683643207883,"third","#93FF00FF",32,29,32,0.181743386456593,5.81578836661098,0.179243888622921
"105",-3.11444064867732,2.76741383152488,"performance","#C700FFFF",32,28,33,0.16498072176711,5.44436381831463,0.213034881362849
"106",-3.07874581263058,3.29981732915546,"order","#000AFFFF",32,29,35,0.192772655545361,6.74704294408762,0.218512282709431
"107",-3.59004034005806,-0.414715794072571,"high","#A900FFFF",32,31,35,0.195340298150735,6.83691043527573,0.217997998986825
"108",-3.61291851032686,0.303497406097214,"fact","#D300FFFF",32,24,32,0.0916015926520811,2.9312509648666,0.107659835547331
"109",-3.6189670965455,0.725249139649877,"went","#FB00FFFF",32,30,32,0.139375494624002,4.46001582796805,0.153422684629221
"110",-2.76622843371499,-2.28792308957179,"night","#4800FFFF",32,31,33,0.18056072427964,5.95850390122811,0.193447522175747
"111",-0.569754531122104,4.56915840043112,"disappointed","#D000FFFF",32,30,38,0.148815665423146,5.65499528607956,0.216795840640353
"114",-2.40748775212072,2.32175094200863,"4","#AE00FFFF",33,30,37,0.116608396547579,4.31451067226041,0.148721129320098
"115",-3.11852775733307,-0.472174070346604,"storyline","#FF00BBFF",33,32,34,0.197025563041985,6.69886914342747,0.170455509651843
"116",-2.28446742697319,1.12079496213107,"gave","#E000FFFF",33,31,33,0.135791897712123,4.48113262450004,0.176500186565283
"117",-4.35932273781606,-0.0208241063223676,"havent","#8200FFFF",33,32,3,0.183040748400962,0.549122245202887,0.230115381544561
"118",-0.951463738078618,2.34079092045223,"different","#EF00FFFF",33,31,33,0.153851825799847,5.07711025139494,0.162774413655911
"120",-1.26142263308527,2.27676893935743,"anything","#E600FFFF",33,30,35,0.0957227985527695,3.35029794934693,0.188258295425727
"121",-0.112148947424826,2.24881766612547,"cool","#6000FFFF",33,33,35,0.254649875137007,8.91274562979526,0.322658037171065
"122",-4.47964647202881,-0.0318370891992705,"almost","#4000FFFF",33,31,33,0.111959949153485,3.694678322065,0.156175001884078
"125",-2.53791103779051,-1.17692695305703,"looks","#EB00FFFF",33,33,34,0.195324772679966,6.64104227111886,0.176845063357723
"126",-3.36885826996526,-1.19977751263555,"5","#FF007DFF",33,30,46,0.119641087718501,5.50349003505105,0.172189006970059
"127",-2.65099539821641,2.81214698682607,"full","#BF00FFFF",33,32,35,0.176902623326814,6.19159181643849,0.164814584341222
"128",-1.99760747460339,1.24541219768322,"played","#D200FFFF",33,29,33,0.183710651841274,6.06245151076203,0.243712470776491
"129",-3.24750143312506,2.70771513424178,"woman","#FF0004FF",34,27,36,0.0341011731752565,1.22764223430924,0.150368091753403
"130",-1.59278867097416,0.0535778064858569,"seems","#FA00FFFF",34,27,34,0.0614606185588543,2.08966103100105,0.149495405037175
"131",-3.21526608628333,-3.1953611059615,"arrived","#FF00E3FF",34,31,34,0.405595686265272,13.7902533330192,0.185055993606721
"132",-3.18839419167318,0.103453440195409,"purchase","#2700FFFF",34,30,41,0.252141385143942,10.3377967909016,0.271033894454909
"133",-3.66359837804533,-1.01340665802445,"rest","#BD00FFFF",34,31,35,0.0930176010163579,3.25561603557253,0.188209199625286
"134",-3.25818708526846,0.19710613586181,"keep","#A600FFFF",34,31,34,0.163227587532707,5.54973797611202,0.221405433436724
"136",-2.45488155536323,0.00989103866436008,"let","#C800FFFF",34,30,35,0.0763153330536036,2.67103665687613,0.153110714989013
"138",-1.69390091945149,0.440477950550244,"work","#FF00F6FF",34,32,40,0.13302524204059,5.32100968162362,0.195841223217969
"139",-3.23101051949997,0.680308055601353,"find","#ED00FFFF",35,33,36,0.126574895865325,4.5566962511517,0.148167078782995
"140",-2.37002695159911,3.57251776642445,"features","#9300FFFF",35,31,37,0.224521674565907,8.30730195893855,0.199532064225841
"141",-2.41387477852984,1.11655269224911,"complete","#46FF00FF",35,33,38,0.203635623147009,7.73815367958634,0.164493903273525
"143",-1.79702239223971,1.05582348460997,"world","#FF003DFF",36,26,41,0.160823111888581,6.59374758743182,0.181268053907874
"144",-3.15985314189941,0.970430707761003,"hope","#FF0078FF",36,33,37,0.210520807192518,7.78926986612315,0.183168667128331
"145",-3.07563122383419,1.21097779397861,"actually","#FF0085FF",36,32,36,0.144971858435152,5.21898690366547,0.159554088038336
"146",-2.24786191750535,1.11047264660416,"point","#FF00F8FF",36,28,41,0.0631144138196769,2.58769096660675,0.159862478786642
"147",0.409966571747897,2.27488216010331,"least","#FF00E6FF",36,34,37,0.111336380975901,4.11944609610835,0.198134934273821
"148",-3.34690819128531,0.365474251547033,"wait","#FF0064FF",36,36,36,0.12749028752309,4.58965035083124,0.145804805849922
"149",-3.97085819199088,-1.61106248547332,"comes","#9F00FFFF",36,35,36,0.177984881332221,6.40745572795996,0.183379320595177
"150",-2.59965028922885,1.04944674274263,"entire","#F000FFFF",36,34,36,0.192051750676385,6.91386302434987,0.227000106593496
"151",-2.07024841267821,1.95894680580264,"ultraviolet","#82FF00FF",37,30,36,0.135875365995688,4.89151317584476,0.177668777824335
"152",-3.33781908396078,0.347062286984165,"sense","#E400FFFF",37,24,37,0.0563997753944024,2.08679168959289,0.112632612648109
"153",0.324778610560555,2.72304879710216,"old","#FF008FFF",37,30,43,0.154250127862378,6.63275549808227,0.168217625049653
"154",-4.11107014928156,-0.509116705546331,"wont","#D500FFFF",37,33,5,0.122886217650292,0.61443108825146,0.192656782396226
"156",-2.64703485531018,-0.808371478769465,"epic","#2400FFFF",37,30,37,0.189119431169588,6.99741895327476,0.280241582633939
"157",-1.07450334784923,2.14199029805345,"left","#4B00FFFF",37,37,37,0.0996336980370737,3.68644682737173,0.175826758331633
"158",-2.78758449986007,3.07037186974504,"lots","#FF00DAFF",37,32,35,0.15484898831899,5.41971459116463,0.208617143898297
"159",-2.23529281928403,2.00437364999771,"able","#FF00E7FF",37,35,37,0.164499410454758,6.08647818682606,0.153552722385336
"160",-2.45941202999541,2.37555602065419,"felt","#FF008EFF",37,32,37,0.0709548722952898,2.62533027492572,0.154954216484459
"161",-2.67036087694801,1.86977327253489,"edition","#FF0E00FF",38,31,41,0.19031542897589,7.80293258801149,0.139266448978404
"163",-4.06566371901538,0.0926075498395215,"highly","#FF007AFF",38,38,40,0.36538188618741,14.6152754474964,0.226995153897196
"164",-3.02135991936773,1.27512118657328,"although","#B600FFFF",38,38,38,0.167619035224857,6.36952333854457,0.221447362072919
"165",-3.53881107231681,2.37390823708796,"expected","#FF006FFF",38,36,44,0.176120900738991,7.74931963251562,0.189596530221419
"166",-4.52755455830467,-0.12550589262871,"put","#FF00E9FF",38,36,39,0.156093970587822,6.08766485292505,0.143996226458794
"167",-1.92317638073646,2.71646745739859,"picture","#E700FFFF",38,36,42,0.265894988068146,11.1675894988621,0.274453316330814
"168",-3.07121862234379,1.14780664161685,"may","#FF00EAFF",39,37,39,0.127259852345119,4.96313424145966,0.158219866049515
"169",-1.2936861109528,4.12882834987462,"guy","#8900FFFF",39,30,47,0.12938632219594,6.08115714320918,0.179742441977937
"170",-1.97720180151416,1.71512344625663,"role","#FF0061FF",39,25,40,0.162313084891415,6.49252339565661,0.17714310175701
"171",-3.19209790284094,2.72836848464113,"disc","#DA00FFFF",39,25,45,0.155223508262647,6.98505787181911,0.158799277772089
"172",-2.64982923960944,3.94959131686328,"husband","#7E00FFFF",39,39,39,0.258351053484872,10.07569108591,0.150236814118736
"173",-1.87320186773579,2.32675775001903,"together","#DB00FFFF",39,33,42,0.19423172709919,8.15773253816598,0.171783208495059
"174",-3.83235450451953,-0.0481392363090472,"blu","#CA00FFFF",39,29,153,0.194001363694622,29.6822086452771,0.178109907756248
"175",-3.36920404404995,3.04948735417028,"fun","#FF0029FF",39,38,40,0.239267507647345,9.57070030589382,0.247875585293829
"177",-4.55318786687902,-0.406013336899607,"fans","#002BFFFF",40,32,46,0.229423898967051,10.5534993524843,0.257822706401798
"178",-2.41079378736137,0.627583990613253,"finally","#FF008BFF",40,37,40,0.142296317986851,5.69185271947403,0.204754296286058
"179",-2.67067106828818,1.31888130459002,"top","#FF00D2FF",40,37,49,0.250854010784431,12.2918465284371,0.30547308569541
"180",2.29291566788861,2.5758854136985,"interesting","#FF00E5FF",40,33,41,0.159291250460125,6.53094126886512,0.195569346002766
"181",-3.43695798520912,0.802435206822843,"something","#FF00A2FF",40,38,40,0.106479206006718,4.25916824026873,0.118097129966021
"182",-3.69526939926464,0.962991647306876,"believe","#AB00FFFF",40,29,40,0.0761317414962841,3.04526965985136,0.115359609969056
"183",-3.11778452862227,3.1806087154882,"version","#FF0059FF",41,36,42,0.161847267737843,6.79758524498942,0.258246756616798
"184",-3.89783441260118,0.0666394279447739,"product","#C800FFFF",41,38,49,0.30148874830142,14.7729486667696,0.248798137016742
"186",-3.64672765493736,-1.17347450283294,"away","#FF00D0FF",41,37,45,0.0989879840525046,4.45445928236271,0.175087196737536
"187",-2.48600968034234,1.28943020992498,"review","#E300FFFF",42,30,44,0.122342544423714,5.38307195464341,0.18461473753624
"188",-2.42388113179075,3.92998639533325,"gift","#A400FFFF",42,42,48,0.338612081126052,16.2533798940505,0.176670036918119
"189",-3.60890798439237,0.730389039198699,"found","#FF00E8FF",42,36,43,0.115444308744363,4.9641052760076,0.188464215922358
"190",-3.57554990597946,1.933642352864,"entertaining","#FF0077FF",42,40,45,0.252775059732409,11.3748776879584,0.193013125118174
"191",-2.50578401599785,-0.110598047905562,"look","#FF008DFF",42,35,42,0.125963763494908,5.29047806678614,0.193553099568942
"192",-2.58915181963089,0.498752855530909,"franchise","#00FFE6FF",42,38,47,0.16059117615739,7.54778527939734,0.25841034442986
"193",-2.48902406452141,1.04714669239093,"especially","#FF00BEFF",42,40,43,0.170702126448552,7.34019143728773,0.187675402771136
"194",-2.74478230076203,1.69662511033486,"thing","#FF00C0FF",42,38,44,0.114955090017833,5.05802396078467,0.165107463615112
"195",-3.8223805095526,2.86145450271566,"hard","#C400FFFF",42,39,44,0.0633373511423156,2.78684345026189,0.117920083603633
"196",-3.22095325741353,0.0195942196354073,"take","#FF00B7FF",42,38,42,0.100638053567802,4.22679824984767,0.170216162064659
"197",-2.67748396301438,2.84896962137102,"seemed","#DE00FFFF",43,37,43,0.0342612592332345,1.47323414702908,0.169453859960104
"199",-4.61669619675989,0.951321383874243,"understand","#4E00FFFF",43,40,44,0.121988486453821,5.36749340396811,0.196964713789072
"200",2.80384967454501,1.77524755919862,"stars","#FF0070FF",44,41,51,0.11623233086561,5.92784887414611,0.152221502841228
"202",-2.59940277586092,-0.0628123145793504,"cast","#FF0057FF",44,42,45,0.277461363766034,12.4857613694715,0.195811847449273
"203",-2.48125976980018,1.82299590881465,"around","#FF00F5FF",44,38,47,0.123592166234207,5.80883181300772,0.171266873621444
"204",-2.81549155695107,1.98796797805482,"happy","#FF00FBFF",45,41,48,0.28830326134881,13.8385565447429,0.310106475711312
"205",-3.53838274783693,1.66201110262472,"glad","#FF0072FF",45,44,46,0.197133596320164,9.06814543072755,0.230722400906719
"206",-3.5945089711605,0.729677532423089,"anyone","#F300FFFF",45,44,52,0.20920286369569,10.8785489121759,0.200136417839345
"207",-3.4643982572172,-0.0537291919514602,"ray","#F900FFFF",46,36,164,0.210493642816546,34.5209574219135,0.170881779336028
"208",-3.11685836409382,0.703367233024276,"wish","#FF00D6FF",46,43,46,0.099115819769314,4.55932770938844,0.258951272783066
"209",-3.07082143697649,3.29647252056569,"opinion","#BA00FFFF",46,41,51,0.164480245605317,8.38849252587115,0.159379174996452
"210",-3.39433366678605,1.52675440930244,"fantastic","#FF006EFF",46,40,49,0.276859583445196,13.5661195888146,0.194609003312609
"212",-3.41851628221303,1.94565525997034,"huge","#0100FFFF",47,44,47,0.184421437616237,8.66780756796312,0.184255351848717
"213",-3.5144505247265,1.49653637661234,"superhero","#FF0014FF",47,42,46,0.219239614233857,10.0850222547574,0.152265906407412
"214",-3.47712803823117,1.70555877420095,"comics","#FF0089FF",47,34,47,0.171989643709115,8.08351325432841,0.17936508034191
"215",-3.01969227605505,0.22039123827371,"screen","#FF00D2FF",47,39,51,0.15712924687562,8.0135915906566,0.120634031119864
"216",-3.17059016010254,0.327411932643987,"case","#E200FFFF",48,39,51,0.128199175214943,6.53815793596207,0.22877738520292
"218",-3.38103280051763,2.47235860474961,"final","#00FF72FF",48,47,48,0.167901987068064,8.05929537926708,0.204254441868071
"220",-3.10794843157084,1.46100338237916,"real","#FF0092FF",49,38,52,0.100238383361814,5.21239593481432,0.159010162423864
"221",-3.57030114746138,1.2742483397914,"already","#FF00C2FF",49,43,51,0.138976067804866,7.08777945804816,0.13653945060492
"223",-2.95355259005494,1.46069319234982,"whole","#FF007FFF",50,48,51,0.170290955839924,8.68483874783612,0.19082436204608
"224",-3.44160167890187,-1.06009916833602,"pretty","#FF0050FF",51,50,51,0.253194365954486,12.9129126636788,0.3255099322914
"225",-3.1582898823647,1.37514262830629,"thats","#FF0086FF",51,45,5,0.294243880962918,1.47121940481459,0.278412635982048
"226",-3.60489332842976,0.651369651211808,"wanted","#FF00CBFF",51,46,52,0.166056068828698,8.63491557909228,0.166167333100367
"227",-3.68468390657885,1.16223700979308,"said","#FF00A4FF",51,47,56,0.126033766556852,7.05789092718373,0.14774036766527
"228",-2.8330535414999,0.845151980259922,"robin","#0900FFFF",51,43,60,0.116066968379291,6.96401810275743,0.143683252248232
"229",-3.02254647320604,1.24981590245143,"without","#FF0091FF",52,46,52,0.126555993573965,6.58091166584616,0.188465099578568
"231",-2.46544678819931,3.77104150223138,"christmas","#0098FFFF",53,48,55,0.331846537992843,18.2515595896064,0.185721050956321
"232",-2.73054458591661,0.732094116519356,"us","#FF00B8FF",53,37,57,0.11660049358123,6.6462281341301,0.153097334511379
"233",-4.3986477823867,0.285100277801854,"feel","#FF00A0FF",53,47,53,0.111990329587898,5.93548746815857,0.185910566885928
"234",-4.45154605265424,-0.249378727735579,"enough","#FF0081FF",53,46,54,0.112699670410871,6.08578220218704,0.194950327493757
"235",-4.06902526070311,1.09173461061216,"theater","#FF0069FF",53,47,56,0.169430793951991,9.4881244613115,0.121458274654093
"236",-2.80258142133485,-0.384100899291789,"collection","#8A00FFFF",53,50,72,0.238937462891816,17.2034973282107,0.183116823721275
"237",-2.54656683118787,2.26937830054353,"maybe","#FF00C8FF",53,39,54,0.0896429422731565,4.84071888275045,0.127711038421647
"238",-1.8290203370946,0.0949676300228327,"right","#FF0045FF",54,46,59,0.209525565255187,12.3620083500561,0.183319029155247
"239",-2.96854871912665,1.64823015561816,"actors","#FF00ACFF",54,49,54,0.186772079327521,10.0856922836861,0.150004383850218
"240",-2.92626978973643,0.198558079329922,"man","#FF007EFF",55,49,66,0.117827519071037,7.77661625868844,0.163611498098686
"241",-2.00869203821065,3.5092933406888,"quite","#FF00CAFF",55,48,55,0.147279435885603,8.10036897370815,0.172414219248729
"242",-3.75264978632892,1.3039186012088,"however","#FF00D8FF",55,50,57,0.0632878403643443,3.60740690076762,0.202890661203377
"243",-2.75621164025514,0.521877312470022,"need","#FF00ABFF",55,44,55,0.111563506092586,6.13599283509224,0.125907827667256
"244",-3.39789219592425,1.32954410803861,"everything","#FF0074FF",55,50,55,0.183220551164111,10.0771303140261,0.215232276471107
"245",-3.19839798218682,0.759949456740733,"part","#FF0054FF",56,51,59,0.180569552801532,10.6536036152904,0.176689480569733
"247",-1.93530923168571,-0.199485079582776,"next","#FF0099FF",56,52,59,0.155148364142123,9.15375348438528,0.189731968649408
"248",-3.63947307887273,1.22087401936276,"since","#FF004DFF",57,56,58,0.169154557210487,9.81096431820827,0.146170379968246
"249",-4.47949556064329,1.54138832578566,"second","#4600FFFF",57,48,59,0.143386867641974,8.45982519087647,0.177229697550399
"250",-4.28515941884952,0.587023999125989,"saw","#FF005DFF",57,51,57,0.177184874370973,10.0995378391455,0.150732535419876
"251",-4.12054575818422,1.55273813166147,"villain","#A200FFFF",57,47,58,0.0859350943736729,4.98423547367303,0.147363729549122
"252",-2.88117643226495,2.11848791923906,"sound","#C200FFFF",58,53,59,0.17581870422584,10.3733035493246,0.17923152705206
"253",-3.59056254659283,0.92137562706376,"yet","#FF00C9FF",59,53,63,0.161848145893973,10.1964331913203,0.18721595496589
"254",-4.06209965639014,1.03620781903894,"2","#D100FFFF",59,53,75,0.165217233615308,12.3912925211481,0.159847086808492
"255",-4.08104734992374,1.61265119989043,"overall","#FF009EFF",59,57,61,0.157856332106507,9.62923625849694,0.206197344657721
"257",-3.58407657667642,0.813302195022709,"wasnt","#FF0077FF",60,54,2,0.0485348732648613,0.0970697465297227,0.0760160991425253
"258",-3.2530659646582,0.678685333312746,"book","#FF0047FF",60,50,67,0.18256482583595,12.2318433310086,0.145150886072188
"259",-3.07054873505159,0.553034480534087,"years","#FF00A1FF",61,43,66,0.118569937359043,7.82561586569682,0.164722506183118
"260",-2.78464649742024,1.05982052603225,"job","#FF0049FF",61,58,64,0.227156706895831,14.5380292413332,0.163409583010573
"261",-4.33225703432181,1.94655876961794,"came","#FF0080FF",61,57,61,0.22346065911439,13.6311002059778,0.151912625353839
"262",-2.8683637082772,0.688660784484508,"makes","#FF00AFFF",61,51,62,0.177023396061834,10.9754505558337,0.196321790100301
"263",-3.52836242667311,0.138425256737627,"want","#FF009CFF",61,55,64,0.141848676668744,9.07831530679959,0.14865690487993
"264",-3.53050094303774,1.88917012302387,"set","#FF00A4FF",61,50,70,0.162676696446635,11.3873687512645,0.163976294700846
"265",-3.69024343161672,1.83211521691966,"perfect","#FF0035FF",62,59,68,0.316629504541393,21.5308063088147,0.253431741065419
"266",-3.7926041437919,1.22675030943467,"probably","#FF00E0FF",62,56,62,0.16190180158429,10.037911698226,0.186782665469817
"267",-3.3132344750859,0.726196544454879,"big","#FF0055FF",62,54,62,0.168532676296848,10.4490259304046,0.186202956091478
"269",-3.42295185181379,1.50799617657261,"far","#FF008CFF",63,56,65,0.145124291717481,9.43307896163628,0.159173553603989
"270",-3.20060974206287,0.945850624145933,"super","#FF0017FF",63,44,70,0.264436188928721,18.5105332250104,0.243531359132149
"271",-3.5531703405521,-0.975106958288937,"things","#FF00A5FF",63,51,63,0.122525146772984,7.71908424669798,0.149018940947263
"272",-2.79502373175839,0.190484023568158,"come","#FF0095FF",63,60,66,0.140398429680425,9.26629635890805,0.171611388124178
"274",-3.82046045613368,1.53035318803072,"price","#FE00FFFF",64,57,76,0.328288275778147,24.9499089591392,0.234943232164924
"275",-2.42127061569638,0.68591031472265,"every","#FF0090FF",64,60,64,0.131742257790851,8.43150449861446,0.151351274258717
"276",-3.7673027272881,2.56194556871058,"bit","#FF004CFF",64,59,65,0.158952011625052,10.3318807556284,0.14799556442964
"277",-4.37628515463496,2.0115835489311,"done","#FF002BFF",64,56,75,0.185503536918548,13.9127652688911,0.199435457935588
"279",-4.23687640612813,0.429436738015024,"bought","#FF005BFF",65,64,65,0.212424135296428,13.8075687942678,0.217360576976723
"280",-3.61302946647143,2.67407105712454,"nice","#FF0052FF",65,59,69,0.265549202451237,18.3228949691354,0.249712278633593
"281",-3.34924864752695,0.731088924409548,"give","#FF0084FF",65,56,66,0.0777257615924858,5.12990026510407,0.151123928741391
"282",-3.00479377530826,0.668888629276818,"another","#FF00D3FF",66,62,66,0.140132951606847,9.24877480605193,0.18421513712638
"283",-2.80032434221086,0.00332741455131257,"cant","#FF0043FF",66,59,8,0.0725757700129387,0.580606160103509,0.175319596244871
"284",-4.32837579412785,1.66520474456577,"line","#FF0094FF",67,61,72,0.152308983505587,10.9662468124022,0.21559878436631
"285",-4.17471975391926,0.444570764227456,"enjoy","#FF007EFF",67,60,77,0.250662861722999,19.301040352671,0.177510359335876
"286",-4.47669068747955,1.13944145671814,"previous","#00FF0EFF",67,57,68,0.175093282693322,11.9063432231459,0.182354397796216
"287",-2.57280837700298,1.27894673263439,"times","#FF0041FF",68,59,75,0.141510421557798,10.6132816168348,0.176385659848388
"288",-3.43321231805257,1.89482819591392,"scenes","#FF0030FF",69,55,72,0.195115762927065,14.0483349307487,0.210726071219713
"289",-3.85668991200853,1.11374290219344,"sure","#FF00BCFF",69,65,78,0.15183348498703,11.8430118289883,0.151619011327132
"293",-4.45396988264799,2.26737195015247,"digital","#FF00A9FF",70,51,71,0.157305981964311,11.1687247194661,0.184168128922836
"294",-3.8644595674124,1.27332497799624,"amazon","#FF0087FF",72,62,84,0.159669828548028,13.4122655980343,0.158754334478564
"295",-3.653970644391,0.983361084558317,"3","#FF00BBFF",73,61,82,0.165988965408303,13.6110951634808,0.142446350030027
"296",-4.40319478482197,0.264439959924363,"must","#FF00A7FF",76,73,83,0.161281064219468,13.3863283302158,0.145167518479734
"297",-3.22031268386981,1.47012261311749,"always","#FF0086FF",76,63,77,0.221170283682252,17.0301118435334,0.208184675833717
"298",-4.0159140624185,-0.0430937925326525,"definitely","#FF005CFF",76,72,77,0.232052207529352,17.8680199797601,0.194495664731149
"299",-3.20692915375302,0.545319833306244,"hero","#FF0016FF",76,55,90,0.206246237756658,18.5621613980992,0.192217122904717
"300",-2.40421749596018,1.46471302129904,"people","#FF0063FF",77,46,78,0.0899314085701543,7.01464986847203,0.166104155143887
"301",-3.27834295306617,2.00799605733791,"effects","#FF0039FF",79,75,81,0.228464891468377,18.5056562089386,0.250996715007102
"302",-3.30485131994469,0.850924051077078,"never","#FF003FFF",79,72,79,0.118252108992041,9.34191661037121,0.155413195075168
"304",-4.05881995105109,1.04672119009598,"three","#6500FFFF",80,67,85,0.176238580196624,14.980279316713,0.164861729724156
"305",-3.99324350512408,0.674913769690066,"buy","#FF006FFF",80,68,87,0.169113678939751,14.7128900677584,0.196804316966885
"306",-3.52729509278525,0.755163628443056,"comic","#FF0022FF",80,70,88,0.170015079900202,14.9613270312177,0.141627790375085
"307",-3.82185495875208,1.12616793803571,"now","#FF0044FF",81,66,87,0.127883479509682,11.1258627173423,0.159507780169033
"308",-3.57168371323789,1.23465668765791,"though","#FF009DFF",83,75,101,0.16256622885362,16.4191891142157,0.181184265990118
"309",-3.96695228510399,1.03798838707559,"watched","#FF003BFF",84,78,84,0.141855102470812,11.9158286075482,0.182156551946432
"310",-4.49110788468549,2.05699095035218,"amazing","#FF002EFF",84,76,90,0.294869312693895,26.5382381424505,0.180355763214858
"311",-3.24315397809272,1.37933417732402,"quality","#FF0096FF",85,80,88,0.32357890195011,28.4749433716097,0.321940776649025
"312",-3.79925258487686,1.42454673508368,"going","#FF0071FF",85,71,85,0.11640336654544,9.89428615636242,0.167056666977055
"313",-2.96851022176454,1.38832876465458,"characters","#FF0048FF",85,74,88,0.139012934802882,12.2331382626537,0.162323178830129
"315",-3.5268754461271,1.94777786650844,"lot","#FF0060FF",85,71,89,0.154187213768648,13.7226620254097,0.193098887632459
"316",-2.75393030162565,0.244236166269676,"make","#FF004FFF",86,76,86,0.134449045499404,11.5626179129487,0.15321732931814
"317",-3.13172178990887,3.23804841153116,"favorite","#FF004EFF",86,76,90,0.261335722501807,23.5202150251626,0.173212974324201
"318",-4.40855494363706,2.23150136395941,"copy","#FF009BFF",87,64,91,0.188203016333252,17.1264744863259,0.183007794195634
"319",-3.19797661760077,-0.0415161436222106,"go","#FF005AFF",87,77,91,0.107237176920086,9.75858309972781,0.167445979489371
"320",-3.5977941793437,0.65770293639358,"ever","#FF0040FF",87,78,106,0.17993235510798,19.0728296414459,0.141540477441366
"322",-4.36091097537298,0.165391456713147,"recommend","#FF0067FF",88,88,94,0.30547202816259,28.7143706472835,0.196029859059175
"323",-3.9096972922981,0.793676913281136,"back","#FF006CFF",89,67,94,0.12081592093184,11.356696567593,0.143624922806557
"324",-3.53074011262599,1.62162224287526,"bad","#FF0049FF",91,75,93,0.0852999105645783,7.93289168250578,0.187439078928257
"325",-4.26046047375476,0.977848376918499,"liked","#FF002DFF",93,82,95,0.236335318257195,22.4518552344336,0.248176897970548
"326",-2.5119031558767,0.513853597413419,"wayne","#00FF42FF",95,54,104,0.0790048774263483,8.21650725234022,0.188488739354167
"327",-4.73921872698418,2.07843386390892,"special","#FF004BFF",97,83,98,0.216150005705486,21.1827005591376,0.250566688039305
"328",-2.86439138997232,1.36672671719492,"many","#FF0027FF",97,77,97,0.117920280365892,11.4382671954915,0.167192874696284
"329",-4.17589372799401,1.10731145259676,"know","#FF0062FF",100,81,100,0.1225259555962,12.25259555962,0.147369826491289
"330",-4.60126124634436,1.76108841479429,"christopher","#6F00FFFF",100,91,100,0.162205751014127,16.2205751014127,0.203205237370556
"331",-4.0811525967802,1.24029461689378,"films","#FF008EFF",100,68,97,0.13794735488548,13.3808934238916,0.161577536536028
"332",-4.251949000767,0.784319147446587,"seen","#FF0039FF",101,87,102,0.180189456101335,18.3793245223361,0.165198220536404
"333",-4.53497513218734,1.21083866709721,"worth","#FF0041FF",102,99,104,0.250979910286126,26.1019106697571,0.234223131339954
"334",-4.52237713556907,1.74896187782115,"acting","#FF001FFF",102,97,105,0.213506660370495,22.418199338902,0.208773024631497
"335",-4.28044584557716,1.36275165237997,"made","#FF0024FF",103,90,110,0.152246245222643,16.7470869744907,0.211731814642961
"336",-3.67097545752093,1.53623947658628,"also","#FF0038FF",103,91,105,0.183000820714285,19.2150861749999,0.164320762959022
"337",-3.61605944641803,0.906013481978505,"watching","#FF002AFF",104,94,119,0.192638105902346,22.9239346023792,0.200346073562674
"338",-4.11314291273059,1.33707774192897,"thought","#FF003AFF",104,88,105,0.148305683677751,15.5720967861639,0.196358834705729
"339",-3.51146640983991,1.05131548583048,"got","#FF004AFF",104,91,104,0.17630960165549,18.3361985721709,0.205991045354439
"340",-4.11253790844291,1.24181120469848,"last","#7400FFFF",105,97,105,0.16257127845017,17.0699842372678,0.185329108204351
"342",-4.12846358016076,1.90194177963913,"dvd","#FF00B3FF",107,90,120,0.226210452576084,27.1452543091301,0.203835671256966
"343",-3.86740554783477,2.58404292316492,"little","#FF0046FF",108,97,108,0.146215539409453,15.7912782562209,0.180581801813961
"344",-4.43611477793734,1.9996234139491,"awesome","#FF0020FF",109,104,119,0.283121909963348,33.6915072856384,0.21068578168492
"345",-4.10824045971655,0.630206025353725,"didnt","#FF0025FF",110,99,5,-0.00794036232820271,-0.0397018116410135,0.0587697800537983
"346",-3.96179507935642,1.95660828681766,"long","#FF0079FF",112,95,121,0.151964163443489,18.3876637766622,0.182162254903779
"347",-3.07092209972782,1.12370052522347,"new","#FF0065FF",113,92,114,0.260224850995924,29.6656330135353,0.249086711402263
"348",-3.45584792889219,1.86811930026394,"fan","#FF0036FF",115,98,127,0.208279027279388,26.4514364644822,0.165965450148389
"349",-4.33057322327907,1.49301768056702,"character","#FF001AFF",119,89,124,0.119788654013022,14.8537930976147,0.160931823760746
"350",-4.50255427095792,2.12342484876217,"excellent","#FF0022FF",120,105,131,0.377678643890041,49.4759023495954,0.256245904572338
"352",-3.41547502427247,1.92296731231805,"better","#FF001DFF",122,109,129,0.232905923362622,30.0448641137782,0.252369556153951
"353",-3.80304305494993,1.6010812043409,"bluray","#FF005EFF",122,97,29,0.243409313446888,7.05887008995974,0.199956674422339
"354",-3.32445359272299,1.02337940527992,"im","#FF002CFF",127,101,7,0.215156236282972,1.5060936539808,0.176053102465759
"355",-4.18416889249382,1.00662902531388,"say","#FF0056FF",129,115,135,0.149972791082675,20.2463267961612,0.165253206915973
"356",-4.15104984259076,1.71352445911206,"ending","#002DFFFF",133,127,143,0.206470698823907,29.5253099318186,0.190072553922123
"357",-4.29623785661193,0.937919723828489,"enjoyed","#FF001EFF",137,134,137,0.308435954746396,42.2557258002562,0.237707613196941
"358",-4.2264387357932,1.41268888986041,"plot","#FF0050FF",145,127,151,0.103554385031878,15.6367121398135,0.171258627373724
"359",-3.81419481627616,0.723355810438507,"dont","#FF0031FF",146,115,12,0.136649607595399,1.63979529114479,0.104675406158323
"362",-4.09742975736456,0.692724998749782,"two","#FF00CFFF",153,121,159,0.142880921892654,22.718066580932,0.188613485680479
"363",-3.88864920649931,1.44057731363813,"still","#FF0058FF",154,138,154,0.201418798597969,31.0184949840872,0.222182445668241
"364",-3.50373810097123,0.872928763888922,"even","#FF0026FF",158,130,159,0.132997966081728,21.1466766069947,0.18274222329119
"365",-4.1415129109619,1.56188979233899,"way","#FF003CFF",158,127,161,0.129951124756951,20.922131085869,0.18650757167908
"366",-4.25376443329307,0.970651067104722,"loved","#FF0013FF",163,142,163,0.266236965255306,43.3966253366149,0.185597890206251
"367",-3.83414091295745,0.756042449967343,"get","#FF0023FF",169,127,169,0.121630052509996,20.5554788741893,0.163164464442584
"368",-4.25071309517798,1.15093233255372,"think","#FF0032FF",171,141,172,0.1353993614606,23.2886901712231,0.174300464999351
"369",-4.05488309963964,1.89521619892124,"end","#FF0060FF",176,157,198,0.156560728632742,30.9990242692829,0.169611405685487
"370",-4.84534657666209,1.43671886781179,"christian","#009BFFFF",179,165,183,0.2150651269767,39.3569182367361,0.201351679355475
"371",-3.76064756808374,0.80618094821122,"can","#FF001BFF",185,154,189,0.154460206282859,29.1929789874603,0.195953679780624
"372",-4.11779552219785,1.20980829005651,"first","#FF0034FF",195,146,200,0.138169851728212,27.6339703456424,0.20664918552995
"373",-4.08448971575186,0.902881787141466,"see","#FF0015FF",202,171,216,0.140615335129743,30.3729123880245,0.157962271377545
"374",-3.44195779838123,0.813043373581774,"time","#FF0019FF",206,166,228,0.197477743931812,45.0249256164531,0.244538223472442
"375",-4.78685764009024,1.42285522553367,"bale","#00FF93FF",208,188,214,0.212944354151633,45.5700917884494,0.194094325941554
"376",-3.9043590653962,2.14222747752245,"much","#FF0018FF",214,176,222,0.159452518361457,35.3984590762435,0.236707411311552
"377",-4.16399089960017,0.779992420450349,"watch","#FF0013FF",214,192,228,0.188657357705145,43.013877556773,0.167893959405837
"378",-4.03051740474533,1.61618730266454,"well","#FF0012FF",218,174,243,0.270250103624133,65.6707751806644,0.226265770941412
"379",-4.34507964222286,1.62376822862483,"action","#FF000CFF",234,212,252,0.222851043391967,56.1584629347756,0.212392602449206
"380",-3.61451887413763,1.42715242973393,"nolan","#00FF81FF",239,164,250,0.146694084100556,36.6735210251389,0.154035002757276
"381",-4.13302437035299,1.394298557606,"series","#FF00AEFF",239,202,270,0.213744228317896,57.7109416458318,0.188631789004263
"382",-4.16825028024254,1.44933443956752,"really","#FF000EFF",248,201,252,0.227198794667281,57.2540962561547,0.228257281222825
"383",-4.18195579393365,1.04181700773422,"love","#FF0007FF",252,223,259,0.258073293394121,66.8409829890774,0.202892881869667
"384",-4.31372894709151,0.613339850470582,"will","#FF001CFF",255,209,258,0.184926419524894,47.7110162374226,0.16969968476473
"386",-4.55581232754763,1.47410095684911,"best","#FF0010FF",285,255,298,0.210687160866638,62.7847739382582,0.159411448582142
"387",-4.27789959008936,1.60037065119294,"story","#FF000BFF",289,225,303,0.186317981690852,56.4543484523282,0.201048998668492
"388",-4.17734440702607,1.57536650183791,"trilogy","#0BFF00FF",300,244,330,0.199186504710551,65.731546554482,0.192768200313475
"389",-4.15451651931488,1.51417368735728,"film","#FF0011FF",306,165,330,0.15267122283824,50.3815035366192,0.17184991417931
"390",-4.10745022364771,1.16627325792789,"like","#FF000BFF",384,276,390,0.142458549556823,55.5588343271609,0.192805450185405
"391",-4.1245133216836,1.43865083483142,"just","#FF000DFF",406,278,412,0.117411899845903,48.373702736512,0.181664070914792
"392",-4.20838141365217,1.69429167155292,"knight","#0600FFFF",430,293,439,0.205532257064949,90.2286608515126,0.202524926691576
"393",-4.36625196311636,1.32768175891203,"movies","#FF0008FF",451,337,485,0.206070441542714,99.9441641482163,0.18973173405529
"394",-3.97501160399944,1.28066041258631,"one","#FF000AFF",481,355,509,0.175633469878613,89.3974361682141,0.173987875647883
"395",-4.05075786090612,1.59209344147402,"dark","#FF00FDFF",547,370,552,0.194587241734049,107.412157437195,0.20210564652686
"396",-4.20709808414153,1.66328662365942,"good","#FF0004FF",595,443,626,0.277825860817038,173.918988871466,0.282899047686769
"397",-4.16916116126461,1.67564797488623,"great","#FF0002FF",763,596,804,0.260967298008313,209.817707598684,0.191003548618683
"398",-4.11645689138373,1.47958043207472,"batman","#FF006DFF",1083,661,1151,0.170111441488246,195.798269152972,0.196694658262569
"399",-4.26111683206837,1.54207829345684,"movie","#FF0001FF",1511,958,1674,0.20861244995917,349.217241231651,0.212324989494715
