"","X1","X2","X3","word","col","term_count","doc_count","count","avg_sentiment","sum_sentiment","sd_sentiment"
"1",-8.01737934161925,-3.29981125977764,-2.97004044922648,"together","#FF00FBFF",20,20,22,0.089085888131329,1.95988953888924,0.162130681279907
"3",-2.01672122679715,-3.58806471781684,2.18500116121018,"star","#FF00F7FF",20,20,22,0.14536417942387,3.19801194732514,0.199029058774379
"4",2.77702122188157,8.84680902573528,-1.63436038193036,"full","#FF00F2FF",20,20,21,0.244945215979814,5.1438495355761,0.242765451288751
"5",-7.92848238480353,-2.62847686495712,-2.34506293762716,"stan","#FF00EDFF",20,20,21,0.114014436381617,2.39430316401397,0.244330969414785
"6",2.71011672512381,4.26890890467099,1.91970307401882,"need","#FF00E9FF",21,20,22,0.0838046758180748,1.84370286799764,0.12371299338991
"7",-5.11601829105705,6.45254270585845,1.57304409510625,"though","#FF00E7FF",21,20,26,0.141756167567793,3.68566035676262,0.192981687305641
"8",-4.44725307182997,0.133822906903642,-5.12823747710852,"real","#FF00E6FF",21,20,22,0.144636238461295,3.18199724614849,0.352569798964047
"9",-8.13365363533343,-9.78216997408412,-1.75098806491482,"someone","#FF00E4FF",21,21,21,0.0576818623983956,1.21131911036631,0.185389748268397
"10",-5.94181374142944,5.74783105555133,10.1042270932941,"expect","#FF00E3FF",21,20,22,0.174346558374195,3.83562428423229,0.210933669150419
"12",-4.62525319365961,3.66792960800235,-6.4257920508653,"found","#FF00E1FF",21,20,21,0.11616379327974,2.43943965887453,0.218931059190883
"13",-8.33584316704448,-2.65495871754252,-2.14106731413281,"keep","#FF00E0FF",21,20,21,0.133553173767552,2.80461664911858,0.135839072633057
"14",-4.15139964261649,4.76372074212669,-10.7026930738096,"start","#FF00DFFF",21,21,22,0.158068733040495,3.4775121268909,0.209082985239095
"15",-7.46040467112413,2.67781327965875,4.39703407699853,"takes","#FF00DBFF",22,20,22,0.0898399535269248,1.97647897759235,0.139604687467385
"16",0.646720863967029,-10.5840839194556,1.014622375704,"venoms","#FF00D9FF",22,20,4,0.196372159999155,0.78548863999662,0.188488787344902
"17",-7.49020313580547,-2.24454877890515,0.586920510849474,"script","#FF00D6FF",22,22,24,-0.0470827458782079,-1.12998590107699,0.255915954211267
"18",0.654519008952482,8.56935983275575,-1.77069617556499,"antihero","#FF00D5FF",22,21,8,0.268636762852762,2.1490941028221,0.384431296096733
"19",-6.90158023955572,5.06503879328461,2.60952786149676,"absolutely","#FF00D3FF",22,21,23,0.249014249904094,5.72732774779416,0.256734189952443
"20",-5.59227160847596,-2.40519653497606,2.73607810897235,"sequel","#FF00D2FF",22,21,52,0.225274564395558,11.714277348569,0.257088262710875
"21",-5.34662611460162,2.82344229735499,9.9454468889656,"bought","#FF00D1FF",22,20,22,0.180979879190227,3.98155734218499,0.143029292248256
"22",-2.84150191729791,-6.77373111223388,0.0587659435256338,"low","#FF00CFFF",22,22,23,0.14252042630479,3.27796980501017,0.239541595442525
"23",-3.99038701447198,2.54773894802375,-10.3851844226796,"completely","#FF00CDFF",22,20,22,0.116082111207764,2.55380644657082,0.151574424806421
"24",0.474025833860758,3.15739816690121,2.84040996413163,"far","#FF00CCFF",23,23,25,0.160164363252257,4.00410908130643,0.222640881827356
"25",-5.89647763399848,-0.098466466242133,3.18873071483777,"michelle","#FF00CBFF",23,23,23,0.10897215671218,2.50635960438015,0.140326029867211
"26",-9.74721423440046,-9.55440364314069,2.02268311753825,"dialogue","#FF00CAFF",23,20,24,0.0526019857660537,1.26244765838529,0.172933244844026
"28",-10.2472651332374,-6.09915247105415,3.59712473772576,"role","#FF00C8FF",23,23,26,0.204465999134617,5.31611597750003,0.272759832264235
"29",1.83163529500112,-6.03205974487716,2.46418618685027,"anything","#FF00C7FF",23,23,24,0.134260021944611,3.22224052667067,0.185772216278733
"30",-6.06737166359631,-0.272300036286933,0.663380650558,"deadpool","#FF00C6FF",23,22,27,0.15628962767896,4.21981994733192,0.178490837464978
"31",-11.8015126338822,-1.43335606663763,1.01913997876268,"packed","#FF00C5FF",23,23,31,0.283566329158004,8.79055620389812,0.165912140240427
"33",-12.0132294850168,1.11214825885954,7.2081164956008,"okay","#FF00C3FF",23,21,26,0.0403365172034147,1.04874944728878,0.168945349918124
"35",-0.408125330450911,-0.137247968066741,-3.14083216887161,"interesting","#FF00C1FF",23,20,24,0.201183586286797,4.82840607088312,0.310089590877346
"36",-13.8506928082962,6.23562468584434,1.99591378549079,"understand","#FF00C0FF",24,21,25,0.161842036876481,4.04605092191202,0.144730733946301
"37",-4.15919011928926,1.80112478834635,2.80915235857365,"main","#FF00BFFF",24,22,24,0.0721542365010837,1.73170167602601,0.181064440441273
"39",-1.92089961615456,4.07877867225429,-1.28315390987869,"sony","#FF00BCFF",24,20,25,0.139849267330806,3.49623168327014,0.102343969139076
"40",-7.53357958407984,-5.3825457618773,5.95863504804674,"version","#FF00BBFF",25,22,25,0.134816481784015,3.37041204460038,0.204835764451604
"41",1.44227332048213,1.20898941546291,9.66103403245212,"sure","#FF00BAFF",25,24,25,0.144703407666581,3.61758519166454,0.176697917885655
"42",-6.9155539105282,4.06811732107917,1.85089823701391,"maybe","#FF00BAFF",25,23,25,0.0897381546469529,2.24345386617382,0.207786759207678
"43",-5.84663934764393,7.42396881933654,1.70258480740327,"reason","#FF00B9FF",25,21,25,0.0831890768919529,2.07972692229882,0.193449022215401
"44",-1.46265735737496,6.11878190697629,1.59058353526633,"cast","#FF00B8FF",25,24,25,0.190387418929455,4.75968547323637,0.275646962286714
"45",-4.51802575997393,6.09620202896354,-2.6339903003626,"comedy","#FF00B7FF",25,25,36,0.289021342246843,10.4047683208863,0.340537469445682
"46",1.13654937769994,5.08368922002807,-12.5409490385634,"family","#FF00B6FF",25,25,27,0.317425672287032,8.57049315174987,0.234200220149707
"47",-4.95498964751772,1.27410003477179,-2.28309441346031,"actors","#FF00B5FF",25,25,25,0.14665475491688,3.666368872922,0.176475605341896
"48",-8.03129060500448,-6.5112393942395,-0.757954341107169,"theres","#FF00B4FF",25,23,2,-0.165903679300155,-0.331807358600311,0.0864304487059295
"50",-4.42378317986757,-1.70603638466774,1.78917911569767,"instead","#FF00B2FF",25,21,29,0.0302409381325334,0.876987205843469,0.224737666568307
"51",-7.05027648938114,3.78315024958975,2.52563981430881,"however","#FF00B1FF",25,23,25,0.0546383848410472,1.36595962102618,0.247642159388018
"52",-5.23852155089497,2.80549790711299,7.42036478733221,"almost","#FF00B0FF",26,21,26,0.0805229280723968,2.09359612988232,0.236058893002163
"53",9.64283818575643,0.346559692225097,0.220982773434604,"moments","#FF00AFFF",26,24,27,0.123290807408795,3.32885180003746,0.227219454824465
"54",-12.3422371145349,-3.97445535884956,0.900782470767063,"quality","#FF00AEFF",26,25,32,0.494933438407137,15.8378700290284,0.577659018302877
"55",-5.52065488476436,8.87301210885783,6.11461153224179,"thing","#FF00AEFF",26,23,27,0.15982909958274,4.31538568873397,0.256040970210629
"56",-9.47594396654062,-5.35751536126505,-2.54087830004646,"waste","#FF00ADFF",26,25,26,-0.0267072788287279,-0.694389249546926,0.226286906548944
"58",-5.00752251348149,6.59965394797647,1.2654733482284,"felt","#FF00ABFF",26,24,26,0.126351048127628,3.28512725131833,0.183128141760285
"59",-2.62801520216995,3.11722304744078,-2.95956734725651,"look","#FF00AAFF",26,24,27,0.125349107193366,3.38442589422088,0.261430939241088
"60",-8.85746038283091,-0.390584115407028,1.59731344198645,"ok","#FF00A9FF",27,26,48,0.0306563583266538,1.47150519967938,0.134019804365799
"61",-8.52346076423702,7.92396840358929,-0.776193899866148,"went","#FF00A8FF",27,24,27,0.152530122524054,4.11831330814946,0.206017134146875
"62",-5.37725352327992,-0.112712231861382,-5.11212160548194,"looks","#FF00A7FF",27,23,27,0.0143043586983742,0.386217684856103,0.222819846887678
"63",-3.02029593990699,-0.185503459568556,2.74842961894448,"money","#FF00A6FF",27,26,33,0.0168978805417715,0.557630057878459,0.284211855982243
"64",-3.789276042999,8.05711437517215,0.787516674717142,"without","#FF00A5FF",27,27,27,0.129394419391409,3.49364932356804,0.217476590932716
"65",-5.82721768976636,0.242449895385829,2.87465621375312,"williams","#FF00A4FF",27,24,27,0.100241976885912,2.70653337591963,0.136219299162746
"66",-6.11953886969058,3.46837498636762,-9.64555022369093,"stars","#FF00A3FF",27,22,36,0.0929480683320658,3.34613045995437,0.213076316193685
"67",-7.55114803928099,-2.22962165151033,-2.07814829928449,"nice","#FF00A2FF",27,25,29,0.301773209858498,8.75142308589643,0.180920603150974
"68",2.97119836072212,1.95898952119752,-11.9003562737684,"come","#FF00A1FF",27,25,27,0.0805230985622912,2.17412366118186,0.172269688032846
"69",-10.1122044772257,5.31012792769906,4.92028235824723,"seeing","#FF00A1FF",28,28,31,0.213438851752017,6.61660440431251,0.376846352455409
"70",-8.65700071209956,-2.7630459222482,0.799513868323323,"read","#FF00A0FF",28,27,28,0.155903889026244,4.36530889273482,0.178993578349411
"71",-3.61038395873694,-1.84437077789881,-0.00502417527671686,"two","#FF009FFF",28,24,34,0.129569529422574,4.40536400036752,0.252160334209961
"72",-10.4255181965201,1.99775282776179,5.52428405580121,"came","#FF009EFF",28,27,28,0.156968235508262,4.39511059423133,0.24589501689905
"73",-6.68100618991684,8.55147976654121,-2.77020941526079,"forward","#FF009DFF",28,27,28,0.3375989922109,9.45277178190519,0.234300312254226
"74",-14.9344003609772,1.84925539554334,-0.121762659010692,"excellent","#FF009CFF",28,26,32,0.521096581575252,16.6750906104081,0.311634018947936
"75",10.5418561188944,3.42333529982577,6.88366821320156,"glad","#FF009BFF",28,28,28,0.214247171584995,5.99892080437987,0.245522679889756
"76",-12.4180436187431,-3.99225797006115,1.18096499263431,"decent","#FF009AFF",28,24,31,0.247508495298246,7.67276335424563,0.262816941166418
"77",-7.41777503136488,2.76143431020699,-3.03951899607486,"said","#FF0099FF",28,24,31,0.13210465729258,4.09524437606997,0.160956334559605
"78",-7.47499091283343,2.53780679456699,0.982314815313991,"feel","#FF0098FF",28,25,28,0.117020799656485,3.27658239038158,0.178459046152748
"79",-11.8288772347271,-0.93223127672667,0.619819260013323,"fantastic","#FF0097FF",28,27,35,0.384445196940196,13.4555818929069,0.283913991306068
"80",-5.92288694189528,5.8560633370558,5.3815296024004,"next","#FF0096FF",28,27,28,0.172492217756283,4.82978209717591,0.181604148269433
"81",3.26196458532037,-6.9613028794471,11.9422839601079,"surprised","#FF0095FF",29,29,29,0.246005816205507,7.13416866995969,0.234894314944875
"82",-5.67883550824822,3.27065177778599,-9.38554772184958,"expecting","#FF0094FF",29,29,31,0.18979679503565,5.88370064610516,0.243022819105898
"83",-10.8072249219365,-1.65382806481076,-4.00677733211401,"storyline","#FF0094FF",29,27,31,0.190863669004319,5.9167737391339,0.307915498667942
"85",-5.43764618652548,0.86426066842402,-5.47450410539631,"kids","#FF0092FF",29,26,30,0.216799572650411,6.50398717951232,0.268632799601719
"86",-6.62938008440087,-0.558666299713337,2.18883019589768,"perfect","#FF0091FF",30,30,33,0.373320870623491,12.3195887305752,0.231907917129329
"87",1.48263843868759,-2.45607551556223,-10.9955124716696,"makes","#FF0090FF",30,21,30,0.167730049116123,5.0319014734837,0.170049835094274
"88",-6.9664800589573,1.88361509511551,-7.58145841523468,"slow","#FF008FFF",30,28,34,0.187019266538759,6.35865506231782,0.203321882317851
"89",-2.39089199674938,4.40432758359646,-0.651569802089164,"every","#FF008EFF",30,28,31,0.164730003308662,5.10663010256852,0.292813119612345
"90",-6.26259978432,4.44560470865629,-1.26658649343077,"give","#FF008DFF",30,29,30,0.119219822492567,3.57659467477702,0.238368849968393
"91",-9.88556379419481,7.28490033672505,-1.33448591372912,"wish","#FF008CFF",31,31,31,0.123267616724757,3.82129611846748,0.331772210392884
"92",-2.54990950007915,1.29631795570133,4.01365681721648,"minutes","#FF008BFF",31,20,33,0.138097809002421,4.5572276970799,0.172945134790336
"93",-8.24552776625267,7.84966732673972,5.38301795112152,"enjoy","#FF008AFF",31,30,38,0.267737692714859,10.1740323231646,0.281015322505373
"94",-7.9316958582598,5.77514306223469,-5.22256087710903,"seen","#FF0089FF",31,28,32,0.167440817531626,5.35810616101203,0.240993394892161
"95",-2.44864473100834,5.01287350521423,-8.75926872455987,"looking","#FF0088FF",32,30,34,0.266090932163761,9.04709169356788,0.247327864120666
"96",-10.7805034950671,0.118638226594058,0.976629738472321,"terrible","#FF0087FF",32,30,38,-0.218492352274233,-8.30270938642087,0.301557498446318
"97",-7.95805331292283,3.39958581027724,-1.053657471814,"universe","#FF0087FF",32,28,34,0.104686634282234,3.55934556559597,0.177632091190228
"98",-7.40413422553745,0.829404934343211,2.66607533408043,"everything","#FF0086FF",32,30,34,0.140913121545769,4.79104613255616,0.148053889350352
"99",-9.25548735061049,6.58606978224206,1.49406274370167,"wanted","#FF0085FF",32,30,32,0.0446171209493846,1.42774787038031,0.188118820670897
"100",-3.82334900661607,5.23247540558786,-4.02927238106624,"films","#FF0084FF",32,26,34,0.148129951219693,5.03641834146957,0.243582394884258
"102",-8.25407591541298,1.26280787991984,-4.86353667189317,"superhero","#FF0082FF",33,30,38,0.134462776269894,5.10958549825597,0.273211381686467
"103",-12.4560995836392,6.05545999774961,-2.73425513405759,"saw","#FF0081FF",33,29,33,0.188609410372363,6.22411054228798,0.171850135634926
"104",-6.1358952010763,5.49606008919684,-3.77170698588933,"3","#FF0080FF",33,33,43,0.184353890735102,7.92721730160939,0.331376007767983
"105",-6.21366719689114,5.74459115048517,-3.00991101772529,"villain","#FF007FFF",33,28,36,0.0905738429724268,3.26065834700736,0.201069784008834
"106",-3.86145822553508,4.36696320759575,0.126587210588049,"2","#FF007EFF",33,30,53,0.118716799582677,6.29199037788186,0.291169078065099
"108",-6.90749290866861,-5.98503624012864,-0.90156405803367,"hes","#FF007CFF",34,21,2,0.168869175242728,0.337738350485456,0
"109",-0.292103604701641,-8.2427776184672,-3.19572717170375,"always","#FF007BFF",34,34,34,0.173015774831126,5.88253634425827,0.233873428150998
"110",-4.97062214080205,3.31513693360726,2.97302352771993,"isnt","#FF007AFF",34,25,3,0.263108116894151,0.789324350682454,0.303127744431676
"111",-4.77944981432766,10.2141061974848,2.82292225006722,"long","#FF007AFF",34,32,34,0.16403380133797,5.57714924549099,0.138459474107489
"112",-9.7096402915147,4.78956959622575,-2.53569740208622,"ever","#FF0079FF",34,31,37,0.0722493998534538,2.67322779457779,0.235324064079817
"113",-4.74321440338445,2.88538097909107,-10.140586553704,"enough","#FF0078FF",34,32,35,0.0802703933165859,2.80946376608051,0.258859902572852
"114",8.06999774796733,1.57101714820947,-6.83028496382418,"favorite","#FF0077FF",34,32,37,0.270481568738114,10.0078180433102,0.247759676579377
"115",-9.65821825979812,1.07611635059356,4.6687831456318,"cool","#FF0076FF",35,34,42,0.323231502844053,13.5757231194502,0.314091636803882
"116",-7.69626932944514,1.13017635375631,-5.56812723737777,"ive","#FF0075FF",35,32,2,0.177631235066759,0.355262470133519,0.0123914238374698
"117",-8.16849243093599,0.54286134074216,-0.872546111801674,"since","#FF0074FF",36,33,36,0.0986659007656576,3.55197242756367,0.226023845556581
"119",-9.17154030232431,-5.1756114030962,-2.48722742906144,"different","#FF0072FF",36,32,38,0.231773986349369,8.80741148127604,0.214846124042045
"120",-2.47005421462119,0.520075907847992,-0.432601789427541,"things","#FF0071FF",36,30,36,0.0833831514496293,3.00179345218665,0.204320026386657
"121",-7.98752610229934,3.73547661709005,4.36740036983925,"whole","#FF0070FF",37,35,37,0.132295335013649,4.89492739550501,0.253661790194903
"122",-2.25715502095094,1.83100731987385,6.18312056302715,"another","#FF006FFF",37,36,39,0.167786898349232,6.54368903562004,0.22877529645154
"123",-7.35616645851133,4.66357977038537,-0.193671353584413,"definitely","#FF006EFF",38,38,39,0.219585692602992,8.5638420115167,0.182014139017549
"124",-7.16423223148596,4.58218352913613,1.19970749354793,"now","#FF006DFF",38,35,44,0.155799456830494,6.85517610054175,0.30644060932545
"125",-13.0881034593005,-1.47073987067753,0.339945168722768,"lots","#FF006DFF",38,36,37,0.310054666756537,11.4720226699919,0.228298504577497
"127",-8.76735078439208,1.10512443473876,-2.19824981261794,"end","#FF006BFF",39,34,45,0.0830905334019293,3.73907400308682,0.245778771861937
"128",-2.8881037994011,-6.05631263802493,-4.10365498850368,"special","#FF006AFF",39,34,39,0.232743130731969,9.0769820985468,0.275099176823845
"129",-11.6193483189655,-5.06937582437438,-4.50946232909013,"big","#FF0069FF",40,39,41,0.188992283689938,7.74868363128746,0.264322454742193
"130",-9.5360692707105,3.25499038545841,2.10066482308155,"buy","#FF0068FF",40,35,44,0.18225668006606,8.01929392290662,0.194197985727921
"131",-7.91608397100999,1.29272162556972,-0.761311105255243,"overall","#FF0067FF",41,40,43,0.216358408218613,9.30341155340035,0.238389535878717
"132",-6.51025578722206,-5.83842738053535,-2.51582986511668,"kind","#FF0066FF",41,39,41,0.148363304364449,6.08289547894242,0.249954375540227
"133",-6.5377094624247,4.09142427581468,1.65619434738935,"dark","#FF0065FF",41,36,43,0.113219829550989,4.86845267069251,0.262275473044613
"134",-6.81189582281401,-0.592227902688642,-5.04376189740496,"guy","#FF0064FF",41,31,45,0.13107605609495,5.89842252427274,0.240534894726478
"135",-12.0506141247009,6.57628451249022,-2.02205134220671,"hope","#FF0063FF",41,39,41,0.218583011547966,8.9619034734666,0.261811814143564
"136",-11.7632262331631,1.15369105756661,-5.41367790065588,"line","#FF0062FF",41,39,47,0.199163283285403,9.36067431441392,0.293942374839969
"137",-4.52249085626341,1.31732373192674,-2.01353275027215,"man","#FF0061FF",42,33,106,0.142490500681521,15.1039930722412,0.182974468165826
"138",-4.825724194258,1.83422918325093,0.272715622637346,"back","#FF0060FF",42,40,43,0.124297763520368,5.34480383137585,0.168934189200049
"139",-12.0298206923599,-5.41097155227071,-0.353847830930223,"job","#FF0060FF",43,37,47,0.219538372542405,10.318303509493,0.186822924542135
"140",-13.8385510548439,1.95569806580976,-2.26261071435,"actor","#FF005FFF",43,40,48,0.151790884942258,7.28596247722836,0.223526754804968
"141",-3.45887094885193,-2.01617501456915,-4.14031543597792,"new","#FF005EFF",43,35,44,0.248897456517825,10.9514880867843,0.278718251775438
"142",-9.79301669095187,4.35100794432481,1.28529105437203,"take","#FF005DFF",43,39,43,0.087631769167871,3.76816607421845,0.244769464515703
"143",-9.73634611032573,-1.44003604542819,-0.807690850575509,"something","#FF005CFF",44,36,46,0.11229225884143,5.1654439067058,0.183252527889307
"144",-8.9050651711614,4.39892461673991,0.32223082696389,"got","#FF005BFF",44,41,44,0.142516719851158,6.27073567345095,0.217870890306349
"145",-9.62290212158894,-1.28386308168556,3.63008420325533,"nothing","#FF005AFF",45,41,45,0.0427439612972372,1.92347825837567,0.169587895326807
"146",-5.63077944073943,-3.27330719404021,0.24806706696026,"right","#FF0059FF",45,41,50,0.178044457253134,8.90222286265672,0.276560369675492
"147",-10.9901453786232,4.54744725442872,1.32668092787808,"want","#FF0058FF",45,41,45,0.102298366962063,4.60342651329284,0.192633868270472
"148",-3.20096786523673,2.36935325079958,0.330678224582504,"done","#FF0057FF",45,39,52,0.202971906192595,10.5545391220149,0.248478145582144
"149",-11.8200664548099,4.66983258391549,2.60411499820794,"go","#FF0056FF",45,42,47,0.11749501469557,5.5222656906918,0.229842458143594
"150",-12.6668157729731,3.59793919135308,1.01344003030943,"expected","#FF0055FF",46,45,60,0.240808234089511,14.4484940453706,0.315089225074025
"151",-6.52976328264601,4.43509225871497,1.44939363767165,"times","#FF0054FF",46,40,55,0.157701805567759,8.67359930622672,0.204454066845506
"152",0.271164499694291,-11.9398638957898,0.990781061355957,"amazing","#FF0054FF",47,46,57,0.287854945459083,16.4077318911677,0.198716396138845
"153",-12.4916254356643,-0.94068598612312,-2.62251784089318,"cgi","#FF0053FF",47,42,50,0.0963770847802463,4.81885423901231,0.237312026617353
"154",-11.3429487270405,1.39640516705817,-4.81780867513272,"book","#FF0052FF",48,42,52,0.112945706427655,5.87317673423807,0.258096995376275
"155",-5.41804121939285,2.76925874139265,-2.88296136881966,"scenes","#FF0051FF",49,45,53,0.185780330175925,9.84635749932405,0.227976533574407
"156",-9.90543166889072,-0.858186082655407,-0.961901628502556,"life","#FF0050FF",50,27,53,0.0719810388912434,3.8149950612359,0.145855532463367
"157",-5.94309961149041,2.07922948071045,-5.11051712740984,"part","#FF004FFF",50,45,54,0.128219365286475,6.92384572546967,0.218348677844785
"158",-9.20381355507573,4.42672958647959,-1.20035102184438,"never","#FF004EFF",50,46,51,0.122061379821896,6.22513037091667,0.20939351722264
"159",-8.56344973644108,1.27355344748721,-4.58944306919552,"hero","#FF004DFF",50,42,73,0.238696896875652,17.4248734719226,0.264221572626684
"160",-8.22187180209095,1.14951205282545,1.0015552550881,"also","#FF004CFF",51,41,54,0.182505537218516,9.85529900979986,0.221529461790717
"161",-8.65647063705793,-1.81584294800495,-4.44503531704588,"it’s","#FF004BFF",52,39,52,0.162051392382133,8.4266724038709,0.218293950435423
"162",-6.08136655365746,5.86105652195199,5.38702873165377,"wait","#FF004AFF",52,51,56,0.202477391035763,11.3387338980028,0.201381239043001
"163",-2.24082171560237,0.951733419549683,-0.980421284331953,"many","#FF0049FF",52,45,52,0.104379362795961,5.42772686538995,0.248775132010143
"164",-9.71026095689642,1.45732387574182,0.17117311534254,"think","#FF0048FF",53,43,56,0.168930064837885,9.46008363092155,0.156958839332585
"165",-6.1548071184691,2.30726725133217,0.838267961312567,"wasnt","#FF0047FF",53,47,4,0.241626559502015,0.96650623800806,0.0563131015142151
"166",-13.5608648646234,-3.43160474138685,2.24939474987154,"bit","#FF0047FF",54,49,54,0.171769745639757,9.27556626454686,0.245093165735397
"167",-8.55152659887769,0.727871108146902,-2.52687216268776,"critics","#FF0046FF",55,44,56,0.119633972728036,6.69950247277,0.16136833063733
"168",-14.8521561173397,-0.621828429297171,2.50448957844422,"comics","#FF0045FF",55,45,56,0.148995312105733,8.34373747792104,0.170528473745196
"169",-10.1536389914726,6.65669495600963,0.555331213428933,"say","#FF0044FF",55,48,56,0.168662137932352,9.44507972421171,0.219487107054978
"170",-9.83036729576976,1.78339302096615,-2.16939189285505,"alien","#FF0043FF",56,40,57,0.0657172744665929,3.7458846445958,0.173548137039078
"171",-13.9455079242289,-0.3198303848207,-1.36095925808437,"super","#FF0042FF",56,47,59,0.292946064057319,17.2838177793818,0.335887843305103
"172",-7.75620325663669,2.48049493638912,-2.72671278215808,"actually","#FF0041FF",56,47,56,0.130075764148825,7.2842427923342,0.182615369862163
"173",-8.75943240913832,4.92387884138352,3.24071939873923,"reviews","#FF0040FF",57,47,60,0.143914159674083,8.634849580445,0.208308216407284
"174",-11.0338971329656,2.40673129739911,2.29907761658564,"watching","#FF003FFF",57,52,67,0.213178025805982,14.2829277290008,0.289389645684921
"175",-10.6314062396978,0.802508662464578,-2.37240942563222,"symbiote","#FF003EFF",59,35,62,0.0913478084938023,5.66356412661574,0.141352314301783
"176",-10.3190598808178,1.43876435778018,-3.25395040104558,"going","#FF003DFF",60,52,60,0.138672909158218,8.32037454949308,0.191232347441458
"177",-12.8385121396549,-1.66649756342303,-3.76561407180873,"effects","#FF003CFF",61,54,68,0.238308346855146,16.2049675861499,0.274688939958624
"178",-6.09912693829481,1.42736002957596,-3.29315562401229,"first","#FF003BFF",62,58,64,0.0931964679213526,5.96457394696657,0.219310255318103
"179",-4.44924681118673,6.19713083520695,-4.83731155711685,"characters","#FF003AFF",62,49,62,0.103651102664949,6.42636836522681,0.184655376226093
"180",-9.91559440928012,1.67670323727814,0.47848568164139,"make","#FF003AFF",62,53,63,0.097265929449231,6.12775355530155,0.2356283334688
"181",-12.4160790831957,5.97249056347224,-2.51396701321465,"liked","#FF0039FF",64,62,65,0.269157098209571,17.4952113836221,0.21925830496188
"182",-8.72281469502926,1.84536005231885,0.637090987355223,"still","#FF0038FF",65,57,66,0.207733492597344,13.7104105114247,0.249956958491244
"183",-10.7571100755893,-0.717609251181062,-3.59799300708584,"thought","#FF0037FF",65,60,67,0.184518893936597,12.362765893752,0.244163715330338
"184",-5.9984310563247,5.79209254451112,-3.28854609621253,"people","#FF0036FF",66,55,66,0.0883908427117958,5.83379561897852,0.132648912035456
"185",-10.2554525618764,-3.47780983418533,-0.882252680582446,"lot","#FF0035FF",66,59,70,0.152892558067667,10.7024790647367,0.232545234776776
"186",-8.17099490125657,1.23332501417848,3.35229956875742,"worth","#FF0034FF",67,65,67,0.232863426153764,15.6018495523022,0.31774990630458
"187",-10.5044208086625,5.0182368243165,1.1925733709313,"watched","#FF0033FF",68,63,69,0.188403902555054,12.9998692762987,0.233058995874354
"188",-8.92749135982895,-4.17737344421141,1.28026521224393,"best","#FF0032FF",70,64,74,0.171124468512835,12.6632106699498,0.20594781795421
"189",-12.1130776904429,-5.02879908401164,-4.19650369210692,"fan","#FF0031FF",71,65,75,0.164854754448967,12.3641065836725,0.226755381423933
"190",-8.4715137387329,7.69682556412768,0.1010078929529,"cant","#FF0030FF",71,68,13,0.15869682291861,2.06305869794192,0.216638192344476
"191",-12.6283629689813,-1.32648135052107,-1.00081252351869,"humor","#FF002FFF",71,67,76,0.290443136053516,22.0736783400672,0.281686495692162
"192",-10.3949641192449,1.40019289202717,-2.93103144186602,"way","#FF002EFF",71,66,76,0.0686782955307347,5.21955046033584,0.227474274035541
"193",-8.81166380711037,8.79721935919679,0.518605008797927,"can","#FF002DFF",71,66,72,0.0866315662776398,6.23747277199007,0.198122393231223
"194",-7.88697004743325,0.97870696627728,2.40675010562985,"im","#FF002DFF",72,55,7,0.167063833223639,1.16944683256547,0.19080873666138
"195",-12.6261868820905,-0.955684580337504,-2.70640783850213,"acting","#FF002CFF",73,67,79,0.128045893586237,10.1156255933127,0.290608499994156
"196",-12.1915731990973,-0.372830483612419,0.207490561191697,"entertaining","#FF002BFF",74,72,101,0.366538319986139,37.0203703186001,0.302100084911121
"197",-10.3837874859075,4.55115183618148,1.25767199375417,"get","#FF002AFF",76,67,77,0.0847646196082414,6.52687570983459,0.187826448018383
"198",-11.9625483387676,-0.841004861952446,-1.8669512611389,"plot","#FF0029FF",78,71,83,0.089120272279765,7.39698259922049,0.240987301586822
"199",-13.5017474922724,-3.33481856428225,2.0906469020619,"little","#FF0028FF",79,68,79,0.134773151342057,10.6470789560225,0.23179536164685
"200",-7.84785691858633,3.18529548150539,-0.801188153287048,"made","#FF0027FF",79,70,79,0.114084429037365,9.01266989395187,0.225549837508375
"201",-10.3512173377245,1.59074625368669,-2.42387786814036,"spiderman","#FF0026FF",83,60,36,0.0998706572422207,3.59534366071994,0.151703852604881
"202",-13.8455637261655,6.2222014003786,1.98273489882581,"know","#FF0025FF",83,75,84,0.121698421105716,10.2226673728802,0.201099996521663
"203",-10.8564223893193,-1.06239850474465,-3.58270035796461,"pretty","#FF0024FF",89,57,89,0.252301944770623,22.4548730845855,0.259885705062661
"204",-10.1750195369214,4.08480194013263,-1.74031248904619,"didnt","#FF0023FF",92,82,7,-0.0198139055137023,-0.138697338595916,0.213125541099388
"205",-10.0566932911575,5.96840502741352,-3.53246571633721,"even","#FF0022FF",93,77,94,0.092743178871065,8.71785881388011,0.202218938729665
"206",-11.5410199550097,1.26676543447375,-5.24286099741694,"comic","#FF0021FF",96,76,100,0.15727925468579,15.727925468579,0.242249238926201
"207",-11.8849606068659,3.70321168859197,0.732336354660375,"see","#FF0020FF",98,83,103,0.134620058527505,13.865866028333,0.188674779999822
"208",-11.2089277083422,2.14952001254562,-1.95923271624533,"well","#FF0020FF",98,90,105,0.24825977891158,26.0672767857159,0.348559920056175
"209",-9.2996930471313,4.58935207651721,-1.27402921276798,"will","#FF001FFF",99,84,99,0.121221037591027,12.0008827215117,0.21001558511557
"210",-14.7731578602948,1.8210437682244,-0.17869771499086,"awesome","#FF001EFF",103,96,127,0.377378358285646,47.927051502277,0.233001855413309
"211",-10.3404935653456,3.36193238182244,-1.59191298480635,"dont","#FF001DFF",107,94,10,0.0770669542887928,0.770669542887928,0.205785510717717
"212",-10.8597003842081,-0.137087189432456,-1.66715735095272,"brock","#FF001CFF",108,59,121,0.132314891122131,16.0101018257778,0.180131536948809
"213",-12.5332577090924,5.90156410208476,-2.55749067053275,"enjoyed","#FF001BFF",112,111,116,0.420819057204564,48.8150106357295,0.269506105786356
"214",-11.635341352213,0.21154270706909,1.30887972768552,"funny","#FF001AFF",113,113,129,0.45344251491291,58.4940844237654,0.2876372076903
"215",-11.8093212010664,1.23150151030618,-2.47918651036653,"much","#FF0019FF",125,107,129,0.203098833018088,26.1997494593334,0.248766900498466
"216",-11.4872405993229,2.08842790333655,-3.9407570291263,"time","#FF0018FF",129,102,144,0.132290680794755,19.0498580344447,0.228256745562466
"217",-14.8354732121008,-1.09553457095183,2.19863012962077,"better","#FF0017FF",131,123,145,0.231791776274233,33.6098075597637,0.262144974668398
"218",-4.25832437589002,5.04880154663958,-4.07768423178386,"movies","#FF0016FF",132,106,143,0.162741090223519,23.2719759019633,0.217882391332134
"220",-11.4223105857759,0.300723395727014,-1.52294132975405,"character","#FF0014FF",151,111,153,0.121825654860407,18.6393251936423,0.217751247099169
"221",-12.3325172726991,0.139117901984196,0.461536820300732,"fun","#FF0013FF",155,133,168,0.311535975317952,52.3380438534159,0.285659718057512
"222",-11.9029676531097,0.661699734325086,-1.15595973488004,"bad","#FF0013FF",159,116,174,-0.00427941510042913,-0.744618227474669,0.259210156387017
"223",-13.3607224908269,4.7599168585048,-2.46086007043333,"loved","#FF0012FF",162,151,166,0.290573578455338,48.2352140235861,0.170207546577518
"224",-10.881935012097,2.69194942323587,1.01543365566662,"watch","#FF0011FF",166,149,189,0.178263836148884,33.6918650321391,0.218821796912998
"225",-11.8602330254066,-0.74022552472893,-1.49713053830364,"story","#FF0010FF",167,133,178,0.183420417474518,32.6488343104642,0.253298649130692
"226",-10.2375737530867,1.76986862154128,-2.03283410838738,"film","#FF000FFF",176,105,190,0.122463002024097,23.2679703845784,0.211948198766033
"227",-10.2840272997465,3.58917852623838,-4.91279031692685,"one","#FF000EFF",178,131,197,0.141193508315741,27.815121138201,0.234917538998084
"228",-10.9142618759046,-0.167631866342494,-1.71212975888672,"eddie","#FF000DFF",179,103,181,0.152853939049777,27.6665629680096,0.173950702445411
"229",-10.7468287355993,1.80144298340559,-3.98705393980467,"marvel","#FF000CFF",183,154,192,0.164937496337646,31.667999296828,0.21212553620771
"230",-13.4583768874662,4.66697852686561,-2.47213565405837,"love","#FF000BFF",184,166,188,0.309863590454162,58.2543550053825,0.268100381727598
"231",-12.7624790306982,-1.22465485478605,-0.877282666404327,"action","#FF000AFF",187,178,213,0.320137949082031,68.1893831544727,0.260054599035837
"232",-9.95380180282659,2.1834959122201,-0.414723546727455,"really","#FF0009FF",199,160,200,0.255094268002393,51.0188536004785,0.380266170776809
"233",-10.3944819840393,2.60272980819568,-1.37239759407849,"just","#FF0008FF",246,194,248,0.0785783907900155,19.4874409159238,0.21114070307906
"234",-13.5765068945478,2.30730037614306,-2.13018542001204,"hardy","#FF0007FF",276,243,290,0.220151680286192,63.8439872829956,0.262833780242024
"235",-11.8935452752171,2.89848634245043,0.141182419075609,"like","#FF0006FF",280,202,285,0.112532582022029,32.0717858762782,0.210543899441397
"236",-13.4479015516831,2.38696818931575,-2.09310323519498,"tom","#FF0006FF",281,250,285,0.231799104986022,66.0627449210163,0.258412482215675
"238",-12.2710974508338,0.566314317530816,-0.681983251252419,"good","#FF0004FF",461,377,500,0.374070764550766,187.035382275383,0.342083425877784
"239",-12.5359446795504,0.740196152866782,-0.637587236263481,"great","#FF0003FF",462,414,490,0.325092478700388,159.29531456319,0.276024578529958
"240",-10.6434061528316,1.68297204412125,-1.47372706383055,"venom","#FF0002FF",582,322,640,0.151165969428239,96.7462204340728,0.202545631290522
"241",-10.7362776150148,2.05574700389052,-1.43803195349619,"movie","#FF0001FF",1140,778,1535,0.243989460396955,374.523821709326,0.274747724331658
